,subject#,age,sex,test_time,Jitter(%),Jitter(Abs),Jitter:RAP,Jitter:PPQ5,Jitter:DDP,Shimmer,Shimmer(dB),Shimmer:APQ3,Shimmer:APQ5,Shimmer:APQ11,Shimmer:DDA,NHR,HNR,RPDE,DFA,PPE,motor_UPDRS,total_UPDRS
count,5875.0,5875.0,5875.0,5875.0,5875.0,5875.0,5875.0,5875.0,5875.0,5875.0,5875.0,5875.0,5875.0,5875.0,5875.0,5875.0,5875.0,5875.0,5875.0,5875.0,5875.0,5875.0
mean,21.494127659574467,64.80493617021277,0.3177872340425532,92.86372204595745,0.006153761702127659,4.4027118297872336e-05,0.002987184680851064,0.0032768510638297873,0.00896167659574468,0.03403521702127659,0.31095999999999996,0.017155703829787233,0.02014418382978723,0.027480861276595745,0.05146694127659574,0.032119817531914896,21.679495148936173,0.5414729327659574,0.6532396561702127,0.21958917906382977,21.29622854468085,29.01894228085106
std,12.37227938339024,8.821523737074168,0.4656558987901527,53.44560208094162,0.005624228275535452,3.5983358623203275e-05,0.003123818979680306,0.003731536417553257,0.009371490415929312,0.025835157855320177,0.2302536630241899,0.013237117657901035,0.01666393287092939,0.019986145415945615,0.039711392659648716,0.05969230560054468,4.291096265936738,0.10098578743602299,0.07090199568934295,0.09149849394998828,8.12928152405538,10.700283252298227
min,1.0,36.0,0.0,-4.2625,0.00083,2.25e-06,0.00033,0.00043,0.00098,0.00306,0.026,0.00161,0.00194,0.00249,0.00484,0.000286,1.659,0.15102,0.51404,0.021983,5.0377,7.0
25%,10.0,58.0,0.0,46.8475,0.00358,2.2434999999999998e-05,0.00158,0.00182,0.00473,0.019119999999999998,0.175,0.00928,0.01079,0.015665,0.02783,0.010955,19.406,0.469785,0.59618,0.15634,15.0,21.371
50%,22.0,65.0,0.0,91.523,0.0049,3.453e-05,0.00225,0.00249,0.00675,0.02751,0.253,0.0137,0.01594,0.02271,0.04111,0.018448,21.92,0.54225,0.6436,0.2055,20.871,27.576
75%,33.0,72.0,1.0,138.445,0.0068,5.3335000000000003e-05,0.00329,0.00346,0.00987,0.039749999999999994,0.365,0.020575000000000003,0.023755,0.032715,0.061735,0.031463,24.444000000000003,0.614045,0.711335,0.26449,27.5965,36.399
max,42.0,85.0,1.0,215.49,0.09999,0.00044559,0.05754,0.06956,0.17263,0.26863,2.107,0.16267,0.16702,0.27546,0.48802,0.74826,37.875,0.96608,0.8656,0.73173,39.511,54.992
